Geo_NAME,Geo_QName,Geo_FIPS,Geo_SUMLEV,Geo_GEOCOMP,Geo_STATE,Geo_COUNTY,Geo_COUNTYSC,Geo_COUSUB,Geo_TRACT,SE_T054_001,SE_T054_002,SE_T054_003,SE_T054_004,SE_T054_005,SE_T054_006,SE_T054_007,SE_T054_008,SE_T055_001,SE_T055_002,SE_T055_003,SE_T055_004,SE_T055_005,SE_T055_006,SE_T055_007,SE_T055_008,SE_T055_009,SE_T055_010,SE_T055_011,SE_T055_012,SE_T055_013,SE_T055_014,SE_T055_015,SE_T055_016,SE_T055_017,SE_T056_001,SE_T056_002,SE_T056_003,SE_T056_004,SE_T056_005,SE_T056_006,SE_T056_007,SE_T056_008,SE_T056_009,SE_T056_010,SE_T056_011,SE_T056_012,SE_T056_013,SE_T056_014,SE_T056_015,SE_T056_016,SE_T056_017,SE_T056_018,SE_T056_019,SE_T056_020,SE_T056_021,SE_T056_022,SE_T056_023,SE_T056_024,SE_T056_025,SE_T056_026,SE_T056_027,SE_T056_028,SE_T056_029,SE_T056_030,SE_T056_031
"Census Tract 9601","Census Tract 9601, Addison County, Vermont","50001960100","140","00","50","001","16",,"960100",3757,3659,11,3,25,0,11,48,3757,3722,3639,11,2,25,0,7,38,35,20,0,1,0,0,4,10,3757,3722,35,12,5,0,1,7,0,4,0,0,0,3,0,5,0,0,2,0,0,0,3,0,0,0,5,1,4,0,0
"Census Tract 9602","Census Tract 9602, Addison County, Vermont","50001960200","140","00","50","001","16",,"960200",2775,2670,17,10,25,3,9,41,2775,2727,2645,17,4,19,3,0,39,48,25,0,6,6,0,9,2,2775,2727,48,40,0,0,0,3,0,2,1,0,0,0,0,4,3,0,0,0,0,0,1,0,0,0,1,1,0,0,0
"Census Tract 9603","Census Tract 9603, Addison County, Vermont","50001960300","140","00","50","001","16",,"960300",2588,2402,78,7,23,0,18,60,2588,2521,2365,74,7,23,0,1,51,67,37,4,0,0,0,17,9,2588,2521,67,10,28,5,5,5,0,0,4,0,1,0,0,4,0,0,0,2,0,0,0,0,2,0,10,5,1,0,4
"Census Tract 9604","Census Tract 9604, Addison County, Vermont","50001960400","140","00","50","001","16",,"960400",5094,4973,18,12,20,2,21,48,5094,5003,4908,16,9,20,2,2,46,91,65,2,3,0,0,19,2,5094,5003,91,64,8,3,1,0,0,0,0,0,0,0,0,10,7,0,0,3,0,0,0,0,0,0,5,3,0,0,2
"Census Tract 9605","Census Tract 9605, Addison County, Vermont","50001960500","140","00","50","001","16",,"960500",3894,3764,9,3,28,0,24,66,3894,3847,3743,9,3,28,0,6,58,47,21,0,0,0,0,18,8,3894,3847,47,22,10,4,0,0,0,0,0,0,0,0,0,6,1,0,2,3,0,0,0,0,0,0,5,1,2,0,2
"Census Tract 9606","Census Tract 9606, Addison County, Vermont","50001960600","140","00","50","001","16",,"960600",2644,2562,9,15,10,0,3,45,2644,2622,2546,9,14,10,0,1,42,22,16,0,1,0,0,2,3,2644,2622,22,12,3,1,0,0,0,0,0,0,0,0,0,4,0,0,3,0,0,0,1,0,0,0,2,1,0,0,1
"Census Tract 9607","Census Tract 9607, Addison County, Vermont","50001960700","140","00","50","001","16",,"960700",3957,3804,22,8,51,0,4,68,3957,3895,3754,18,7,51,0,0,65,62,50,4,1,0,0,4,3,3957,3895,62,17,8,7,2,9,1,1,2,0,2,3,0,7,1,0,3,2,0,0,1,0,0,0,12,5,2,0,5
"Census Tract 9608","Census Tract 9608, Addison County, Vermont","50001960800","140","00","50","001","16",,"960800",4539,3872,92,7,316,1,62,189,4539,4343,3755,88,6,314,0,13,167,196,117,4,1,2,1,49,22,4539,4343,196,42,30,8,20,17,2,3,0,2,1,9,0,57,10,7,3,10,6,0,10,3,4,4,22,13,1,0,8
"Census Tract 9609","Census Tract 9609, Addison County, Vermont","50001960900","140","00","50","001","16",,"960900",5337,5188,21,13,25,0,46,44,5337,5240,5134,21,13,25,0,4,43,97,54,0,0,0,0,42,1,5337,5240,97,57,14,1,0,3,0,0,0,0,0,3,0,10,1,0,0,6,0,0,2,0,0,1,12,2,0,0,10
"Census Tract 9610","Census Tract 9610, Addison County, Vermont","50001961000","140","00","50","001","16",,"961000",2236,2184,6,10,9,0,4,23,2236,2216,2171,6,10,9,0,1,19,20,13,0,0,0,0,3,4,2236,2216,20,10,6,2,0,0,0,0,0,0,0,0,0,1,0,0,0,0,0,0,1,0,0,0,1,1,0,0,0
"Census Tract 9702","Census Tract 9702, Bennington County, Vermont","50003970200","140","00","50","003","16",,"970200",2031,1994,9,2,5,0,2,19,2031,2010,1980,8,1,5,0,0,16,21,14,1,1,0,0,2,3,2031,2010,21,1,3,2,0,1,0,1,0,0,0,0,0,7,5,0,0,0,0,2,0,0,0,0,7,4,2,0,1
"Census Tract 9703","Census Tract 9703, Bennington County, Vermont","50003970300","140","00","50","003","16",,"970300",1119,1073,5,3,12,0,6,20,1119,1098,1063,5,3,12,0,2,13,21,10,0,0,0,0,4,7,1119,1098,21,7,3,0,0,5,0,0,0,0,1,4,0,4,0,0,0,0,0,0,4,0,0,0,2,1,0,0,1
"Census Tract 9704","Census Tract 9704, Bennington County, Vermont","50003970400","140","00","50","003","16",,"970400",4391,4229,61,9,51,0,8,33,4391,4324,4177,60,4,51,0,2,30,67,52,1,5,0,0,6,3,4391,4324,67,20,11,3,0,1,0,0,0,1,0,0,0,16,1,0,2,1,10,0,2,0,0,0,16,7,0,0,9
"Census Tract 9705","Census Tract 9705, Bennington County, Vermont","50003970500","140","00","50","003","16",,"970500",1302,1252,8,3,12,0,1,26,1302,1292,1243,8,3,12,0,0,26,10,9,0,0,0,0,1,0,1302,1292,10,0,1,0,0,1,0,1,0,0,0,0,0,4,3,0,0,1,0,0,0,0,0,0,4,1,2,0,1
"Census Tract 9706","Census Tract 9706, Bennington County, Vermont","50003970600","140","00","50","003","16",,"970600",3084,3016,5,1,11,1,4,46,3084,3045,2984,5,1,10,1,0,44,39,32,0,0,1,0,4,2,3084,3045,39,12,11,3,0,1,0,0,0,0,1,0,0,5,0,0,0,3,0,1,1,0,0,0,7,5,1,1,0
"Census Tract 9707","Census Tract 9707, Bennington County, Vermont","50003970700","140","00","50","003","16",,"970700",2317,2251,8,5,16,1,2,34,2317,2299,2237,8,3,16,1,0,34,18,14,0,2,0,0,2,0,2317,2299,18,7,6,0,0,1,1,0,0,0,0,0,0,3,0,0,0,1,2,0,0,0,0,0,1,1,0,0,0
"Census Tract 9708","Census Tract 9708, Bennington County, Vermont","50003970800","140","00","50","003","16",,"970800",3590,3478,13,3,22,1,15,58,3590,3549,3457,13,2,21,0,0,56,41,21,0,1,1,1,15,2,3590,3549,41,15,12,4,0,2,0,1,0,0,0,1,0,0,0,0,0,0,0,0,0,0,0,0,8,5,0,0,3
"Census Tract 9709","Census Tract 9709, Bennington County, Vermont","50003970900","140","00","50","003","16",,"970900",2264,2198,22,1,9,7,6,21,2264,2221,2169,15,1,9,7,0,20,43,29,7,0,0,0,6,1,2264,2221,43,3,31,1,4,0,0,0,0,0,0,0,0,3,0,0,0,1,2,0,0,0,0,0,1,0,0,0,1
"Census Tract 9710","Census Tract 9710, Bennington County, Vermont","50003971000","140","00","50","003","16",,"971000",3700,3479,70,9,66,0,22,54,3700,3638,3441,68,8,65,0,6,50,62,38,2,1,1,0,16,4,3700,3638,62,17,12,6,0,9,0,8,1,0,0,0,0,8,0,0,0,5,1,0,1,0,1,0,10,3,0,0,7
"Census Tract 9711","Census Tract 9711, Bennington County, Vermont","50003971100","140","00","50","003","16",,"971100",4727,4578,33,20,31,4,22,39,4727,4629,4521,32,19,29,3,0,25,98,57,1,1,2,1,22,14,4727,4629,98,17,40,5,1,5,0,0,4,0,1,0,0,16,1,1,0,4,2,0,1,0,4,3,14,5,2,2,5
"Census Tract 9712","Census Tract 9712, Bennington County, Vermont","50003971200","140","00","50","003","16",,"971200",5073,4858,62,22,24,2,17,88,5073,5002,4812,58,18,24,1,7,82,71,46,4,4,0,1,10,6,5073,5002,71,19,22,7,0,4,0,0,3,0,0,1,0,6,0,0,0,2,1,0,3,0,0,0,13,2,0,0,11
"Census Tract 9713","Census Tract 9713, Bennington County, Vermont","50003971300","140","00","50","003","16",,"971300",3527,3452,12,16,10,0,8,29,3527,3493,3433,11,8,10,0,3,28,34,19,1,8,0,0,5,1,3527,3493,34,12,8,0,0,5,0,4,0,0,1,0,0,1,0,0,0,0,0,0,0,0,1,0,8,3,4,0,1
"Census Tract 9570","Census Tract 9570, Caledonia County, Vermont","50005957000","140","00","50","005","16",,"957000",4275,4155,12,15,8,0,20,65,4275,4235,4134,8,13,8,0,11,61,40,21,4,2,0,0,9,4,4275,4235,40,11,12,2,0,5,0,4,1,0,0,0,0,3,0,0,1,1,1,0,0,0,0,0,7,4,0,0,3
"Census Tract 9571","Census Tract 9571, Caledonia County, Vermont","50005957100","140","00","50","005","16",,"957100",2246,2191,3,12,6,0,5,29,2246,2212,2167,1,10,6,0,2,26,34,24,2,2,0,0,3,3,2246,2212,34,11,8,2,0,0,0,0,0,0,0,0,0,9,6,0,0,1,0,1,0,0,0,1,4,4,0,0,0
"Census Tract 9572","Census Tract 9572, Caledonia County, Vermont","50005957200","140","00","50","005","16",,"957200",2646,2573,5,7,25,0,7,29,2646,2618,2555,5,7,25,0,0,26,28,18,0,0,0,0,7,3,2646,2618,28,9,9,0,3,0,0,0,0,0,0,0,0,1,0,0,0,0,1,0,0,0,0,0,6,0,2,0,4
"Census Tract 9573","Census Tract 9573, Caledonia County, Vermont","50005957300","140","00","50","005","16",,"957300",3335,3138,30,14,91,0,12,50,3335,3287,3100,30,13,91,0,6,47,48,38,0,1,0,0,6,3,3335,3287,48,8,15,5,4,0,0,0,0,0,0,0,0,4,0,0,1,3,0,0,0,0,0,0,12,8,1,0,3
"Census Tract 9574","Census Tract 9574, Caledonia County, Vermont","50005957400","140","00","50","005","16",,"957400",3852,3651,47,25,55,0,16,58,3852,3787,3604,43,23,55,0,4,58,65,47,4,2,0,0,12,0,3852,3787,65,6,23,9,7,4,1,1,2,0,0,0,0,2,2,0,0,0,0,0,0,0,0,0,14,8,6,0,0
"Census Tract 9575","Census Tract 9575, Caledonia County, Vermont","50005957500","140","00","50","005","16",,"957500",3751,3620,12,26,34,0,12,47,3751,3702,3583,11,24,34,0,4,46,49,37,1,2,0,0,8,1,3751,3702,49,6,27,0,1,3,0,0,2,0,0,1,0,3,2,0,0,1,0,0,0,0,0,0,9,5,1,0,3
"Census Tract 9576","Census Tract 9576, Caledonia County, Vermont","50005957600","140","00","50","005","16",,"957600",2196,2147,6,1,10,0,6,26,2196,2186,2141,6,1,10,0,2,26,10,6,0,0,0,0,4,0,2196,2186,10,4,0,0,0,3,3,0,0,0,0,0,0,0,0,0,0,0,0,0,0,0,0,0,3,0,1,0,2
"Census Tract 9577","Census Tract 9577, Caledonia County, Vermont","50005957700","140","00","50","005","16",,"957700",3010,2894,18,17,10,0,1,70,3010,2999,2884,18,17,10,0,1,69,11,10,0,0,0,0,0,1,3010,2999,11,5,1,0,0,0,0,0,0,0,0,0,0,0,0,0,0,0,0,0,0,0,0,0,5,0,1,0,4
"Census Tract 9578","Census Tract 9578, Caledonia County, Vermont","50005957800","140","00","50","005","16",,"957800",2928,2858,10,8,3,1,9,39,2928,2906,2844,7,6,3,1,7,38,22,14,3,2,0,0,2,1,2928,2906,22,6,4,4,0,0,0,0,0,0,0,0,0,3,0,0,1,2,0,0,0,0,0,0,5,3,1,0,1
"Census Tract 9579","Census Tract 9579, Caledonia County, Vermont","50005957900","140","00","50","005","16",,"957900",2988,2911,24,13,9,0,4,27,2988,2964,2897,21,13,9,0,2,22,24,14,3,0,0,0,2,5,2988,2964,24,8,5,4,1,3,0,1,0,2,0,0,0,0,0,0,0,0,0,0,0,0,0,0,3,0,2,0,1
"Census Tract 1","Census Tract 1, Chittenden County, Vermont","50007000100","140","00","50","007","18",,"000100",4580,3948,215,12,248,2,26,129,4580,4492,3901,208,10,248,2,7,116,88,47,7,2,0,0,19,13,4580,4492,88,15,30,4,9,7,1,3,0,1,2,0,0,10,2,0,0,4,1,0,3,0,0,0,13,6,1,0,6
"Census Tract 2","Census Tract 2, Chittenden County, Vermont","50007000200","140","00","50","007","18",,"000200",5625,5206,147,8,142,4,22,96,5625,5525,5145,141,4,140,4,5,86,100,61,6,4,2,0,17,10,5625,5525,100,15,24,6,1,12,3,2,4,1,2,0,0,27,0,0,0,19,1,1,5,0,1,0,15,5,5,0,5
"Census Tract 3","Census Tract 3, Chittenden County, Vermont","50007000300","140","00","50","007","18",,"000300",3399,2624,337,12,273,3,16,134,3399,3315,2586,319,10,273,3,7,117,84,38,18,2,0,0,9,17,3399,3315,84,18,22,1,7,13,2,0,1,9,0,1,0,5,1,0,0,1,0,0,3,0,0,0,18,7,4,0,7
"Census Tract 4","Census Tract 4, Chittenden County, Vermont","50007000400","140","00","50","007","18",,"000400",3148,2546,225,16,215,2,31,113,3148,3042,2489,214,15,215,2,4,103,106,57,11,1,0,0,27,10,3148,3042,106,25,24,8,7,18,1,9,0,0,5,3,0,10,0,0,2,1,1,0,1,0,5,0,14,1,0,0,13
"Census Tract 5","Census Tract 5, Chittenden County, Vermont","50007000500","140","00","50","007","18",,"000500",4211,3894,89,15,96,3,38,76,4211,4086,3816,84,12,95,2,11,66,125,78,5,3,1,1,27,10,4211,4086,125,29,23,7,10,8,1,1,3,0,2,1,0,29,3,0,2,7,4,3,7,1,2,0,19,5,7,0,7
"Census Tract 6","Census Tract 6, Chittenden County, Vermont","50007000600","140","00","50","007","18",,"000600",5169,4721,135,11,146,1,30,125,5169,5035,4625,129,11,146,1,8,115,134,96,6,0,0,0,22,10,5169,5035,134,21,28,15,4,13,2,2,1,1,5,2,0,31,4,0,5,5,9,1,3,2,1,1,22,10,1,0,11
"Census Tract 8","Census Tract 8, Chittenden County, Vermont","50007000800","140","00","50","007","18",,"000800",2454,2276,41,7,57,0,10,63,2454,2382,2224,40,5,55,0,3,55,72,52,1,2,2,0,7,8,2454,2382,72,24,12,4,3,7,1,3,0,2,0,1,0,13,2,1,0,5,0,0,4,0,1,0,9,5,1,0,3
"Census Tract 9","Census Tract 9, Chittenden County, Vermont","50007000900","140","00","50","007","18",,"000900",2839,2667,58,9,44,2,8,51,2839,2786,2626,57,8,44,2,2,47,53,41,1,1,0,0,6,4,2839,2786,53,14,11,6,3,2,0,0,1,0,1,0,0,10,2,0,0,2,0,0,2,1,3,0,7,3,1,0,3
"Census Tract 10","Census Tract 10, Chittenden County, Vermont","50007001000","140","00","50","007","18",,"001000",2371,1985,187,26,65,1,11,96,2371,2295,1934,181,24,65,1,4,86,76,51,6,2,0,0,7,10,2371,2295,76,14,18,6,4,8,1,2,5,0,0,0,0,13,1,1,2,5,2,0,0,0,2,0,13,5,0,0,8
"Census Tract 11","Census Tract 11, Chittenden County, Vermont","50007001100","140","00","50","007","18",,"001100",2421,2186,94,7,49,2,20,63,2421,2346,2151,92,7,45,2,3,46,75,35,2,0,4,0,17,17,2421,2346,75,18,13,6,1,10,2,6,0,0,0,2,0,7,1,0,0,3,0,0,2,0,1,0,20,2,3,0,15
"Census Tract 21.01","Census Tract 21.01, Chittenden County, Vermont","50007002101","140","00","50","007","18",,"002101",2823,2744,9,5,12,0,3,50,2823,2802,2728,9,4,12,0,2,47,21,16,0,1,0,0,1,3,2823,2802,21,6,8,2,0,2,1,1,0,0,0,0,0,2,0,0,0,0,0,0,0,0,2,0,1,0,0,0,1
"Census Tract 21.02","Census Tract 21.02, Chittenden County, Vermont","50007002102","140","00","50","007","18",,"002102",7529,7285,59,28,45,2,5,105,7529,7482,7248,59,27,45,2,0,101,47,37,0,1,0,0,5,4,7529,7482,47,16,9,0,0,2,0,2,0,0,0,0,0,4,0,0,0,1,2,0,1,0,0,0,16,3,4,0,9
"Census Tract 22","Census Tract 22, Chittenden County, Vermont","50007002200","140","00","50","007","18",,"002200",8314,7716,148,24,263,4,33,126,8314,8169,7620,140,24,263,3,3,116,145,96,8,0,0,1,30,10,8314,8169,145,37,35,8,9,8,0,0,2,2,3,1,0,26,2,0,1,7,3,2,6,4,1,0,22,6,4,0,12
"Census Tract 23.01","Census Tract 23.01, Chittenden County, Vermont","50007002301","140","00","50","007","18",,"002301",2210,2126,17,10,21,1,2,33,2210,2165,2088,17,8,21,1,0,30,45,38,0,2,0,0,2,3,2210,2165,45,14,4,0,0,5,2,2,0,0,1,0,0,5,4,0,1,0,0,0,0,0,0,0,17,12,0,0,5
"Census Tract 23.02","Census Tract 23.02, Chittenden County, Vermont","50007002302","140","00","50","007","18",,"002302",6543,6306,45,14,75,1,15,87,6543,6463,6252,43,10,74,1,2,81,80,54,2,4,1,0,13,6,6543,6463,80,38,6,9,0,5,2,0,0,1,0,2,0,5,0,0,0,2,1,0,1,0,1,0,17,11,0,0,6
"Census Tract 24","Census Tract 24, Chittenden County, Vermont","50007002400","140","00","50","007","18",,"002400",3241,2588,258,15,222,0,22,136,3241,3181,2559,255,15,222,0,6,124,60,29,3,0,0,0,16,12,3241,3181,60,13,15,5,1,7,0,0,1,5,0,1,0,9,0,0,0,1,0,0,4,4,0,0,10,1,0,0,9
"Census Tract 25","Census Tract 25, Chittenden County, Vermont","50007002500","140","00","50","007","18",,"002500",4026,3418,240,10,225,1,25,107,4026,3924,3364,221,10,224,1,10,94,102,54,19,0,1,0,15,13,4026,3924,102,24,34,5,8,6,4,0,0,0,1,1,0,8,1,0,1,1,0,1,2,0,1,1,17,8,0,0,9
"Census Tract 26.01","Census Tract 26.01, Chittenden County, Vermont","50007002601","140","00","50","007","18",,"002601",5188,4742,90,25,207,1,31,92,5188,5090,4677,86,24,207,1,14,81,98,65,4,1,0,0,17,11,5188,5090,98,21,23,6,7,9,1,5,2,0,0,1,0,11,0,0,0,4,3,0,4,0,0,0,21,7,3,0,11
"Census Tract 26.02","Census Tract 26.02, Chittenden County, Vermont","50007002602","140","00","50","007","18",,"002602",4088,3749,65,12,155,0,19,88,4088,3999,3699,58,9,150,0,1,82,89,50,7,3,5,0,18,6,4088,3999,89,31,15,1,9,5,0,4,0,0,1,0,0,8,5,0,0,1,0,0,0,0,2,0,20,8,1,0,11
"Census Tract 27.01","Census Tract 27.01, Chittenden County, Vermont","50007002701","140","00","50","007","18",,"002701",5376,5031,85,5,159,1,21,74,5376,5307,4977,84,4,159,1,13,69,69,54,1,1,0,0,8,5,5376,5307,69,26,12,2,0,0,0,0,0,0,0,0,0,12,0,2,3,4,1,0,2,0,0,0,17,11,0,0,6
"Census Tract 27.02","Census Tract 27.02, Chittenden County, Vermont","50007002702","140","00","50","007","18",,"002702",4935,4652,50,10,110,0,13,100,4935,4856,4594,49,10,110,0,0,93,79,58,1,0,0,0,13,7,4935,4856,79,12,33,3,6,6,0,2,0,1,0,3,0,7,4,0,0,0,0,0,1,0,2,0,12,3,5,0,4
"Census Tract 28","Census Tract 28, Chittenden County, Vermont","50007002800","140","00","50","007","18",,"002800",5009,4877,32,9,29,0,15,47,5009,4937,4823,30,9,29,0,3,43,72,54,2,0,0,0,12,4,5009,4937,72,22,13,3,1,13,0,3,0,0,4,6,0,4,1,1,0,0,2,0,0,0,0,0,16,4,1,0,11
"Census Tract 29","Census Tract 29, Chittenden County, Vermont","50007002900","140","00","50","007","18",,"002900",6227,6057,24,18,29,1,7,91,6227,6175,6014,22,17,29,1,2,90,52,43,2,1,0,0,5,1,6227,6175,52,13,8,7,1,4,0,3,1,0,0,0,0,10,1,0,3,1,4,0,0,0,1,0,9,3,1,0,5
"Census Tract 30","Census Tract 30, Chittenden County, Vermont","50007003000","140","00","50","007","18",,"003000",4081,3960,13,5,23,0,6,74,4081,4043,3937,11,4,22,0,0,69,38,23,2,1,1,0,6,5,4081,4043,38,8,8,2,0,4,0,2,1,0,0,1,0,9,3,0,0,0,0,0,6,0,0,0,7,1,0,0,6
"Census Tract 31","Census Tract 31, Chittenden County, Vermont","50007003100","140","00","50","007","18",,"003100",8698,8314,87,16,170,0,17,94,8698,8571,8212,84,16,170,0,9,80,127,102,3,0,0,0,8,14,8698,8571,127,31,23,7,1,11,0,4,1,0,6,0,0,29,11,0,5,10,0,0,1,2,0,0,25,16,7,1,1
"Census Tract 33.01","Census Tract 33.01, Chittenden County, Vermont","50007003301","140","00","50","007","18",,"003301",3562,3177,35,2,271,0,9,68,3562,3505,3131,35,2,270,0,4,63,57,46,0,0,1,0,5,5,3562,3505,57,11,12,4,1,4,0,1,0,1,0,2,0,12,0,0,2,5,0,0,4,1,0,0,13,11,2,0,0
"Census Tract 33.04","Census Tract 33.04, Chittenden County, Vermont","50007003304","140","00","50","007","18",,"003304",5728,5137,147,14,296,6,21,107,5728,5617,5065,140,13,291,6,4,98,111,72,7,1,5,0,17,9,5728,5617,111,22,20,4,4,7,0,4,1,0,1,1,0,24,3,0,0,7,0,2,11,0,1,0,30,7,4,0,19
"Census Tract 34","Census Tract 34, Chittenden County, Vermont","50007003400","140","00","50","007","18",,"003400",7144,6896,48,13,95,1,15,76,7144,7039,6817,48,13,95,0,6,60,105,79,0,0,0,1,9,16,7144,7039,105,14,12,10,6,14,6,4,0,0,0,4,0,32,1,0,6,5,2,0,14,1,3,0,17,10,2,0,5
"Census Tract 35.01","Census Tract 35.01, Chittenden County, Vermont","50007003501","140","00","50","007","18",,"003501",3754,3658,18,5,32,3,8,30,3754,3683,3600,16,3,29,3,5,27,71,58,2,2,3,0,3,3,3754,3683,71,21,15,0,3,0,0,0,0,0,0,0,0,15,1,0,3,4,3,1,3,0,0,0,17,10,0,0,7
"Census Tract 35.02","Census Tract 35.02, Chittenden County, Vermont","50007003502","140","00","50","007","18",,"003502",5070,4888,19,21,32,5,10,95,5070,5009,4845,17,18,32,1,6,90,61,43,2,3,0,4,4,5,5070,5009,61,16,14,4,0,8,0,7,0,0,1,0,0,7,0,0,3,2,0,0,2,0,0,0,12,3,3,0,6
"Census Tract 35.03","Census Tract 35.03, Chittenden County, Vermont","50007003503","140","00","50","007","18",,"003503",1968,1902,11,3,16,0,0,36,1968,1953,1891,11,2,16,0,0,33,15,11,0,1,0,0,0,3,1968,1953,15,5,0,0,0,0,0,0,0,0,0,0,0,3,2,0,0,0,0,0,0,0,1,0,7,5,1,0,1
"Census Tract 36","Census Tract 36, Chittenden County, Vermont","50007003600","140","00","50","007","18",,"003600",4058,3627,54,11,241,0,18,107,4058,3975,3567,52,11,239,0,6,100,83,60,2,0,2,0,12,7,4058,3975,83,21,19,2,1,9,0,0,5,1,1,2,0,18,1,0,0,9,3,3,1,0,1,0,13,5,2,0,6
"Census Tract 39","Census Tract 39, Chittenden County, Vermont","50007003900","140","00","50","007","18",,"003900",6200,5674,125,8,175,1,61,156,6200,5969,5530,110,5,172,1,19,132,231,144,15,3,3,0,42,24,6200,5969,231,34,60,15,27,19,3,6,4,1,3,2,0,42,10,0,4,9,9,0,6,0,4,0,34,18,3,0,13
"Census Tract 40.02","Census Tract 40.02, Chittenden County, Vermont","50007004002","140","00","50","007","18",,"004002",4556,4175,112,8,161,0,17,83,4556,4471,4113,110,8,161,0,3,76,85,62,2,0,0,0,14,7,4556,4471,85,27,16,3,1,13,2,4,0,1,3,3,0,9,0,0,2,1,1,0,4,0,1,0,16,4,2,1,9
"Census Tract 9800","Census Tract 9800, Chittenden County, Vermont","50007980000","140","00","50","007","18",,"980000",0,0,0,0,0,0,0,0,0,0,0,0,0,0,0,0,0,0,0,0,0,0,0,0,0,0,0,0,0,0,0,0,0,0,0,0,0,0,0,0,0,0,0,0,0,0,0,0,0,0,0,0,0,0,0,0
"Census Tract 9501","Census Tract 9501, Essex County, Vermont","50009950100","140","00","50","009","13",,"950100",1846,1804,2,7,8,0,6,19,1846,1829,1794,2,7,8,0,0,18,17,10,0,0,0,0,6,1,1846,1829,17,5,1,4,0,6,0,0,5,1,0,0,0,0,0,0,0,0,0,0,0,0,0,0,1,0,0,0,1
"Census Tract 9502","Census Tract 9502, Essex County, Vermont","50009950200","140","00","50","009","13",,"950200",1222,1185,5,11,4,0,1,16,1222,1211,1177,5,11,4,0,1,13,11,8,0,0,0,0,0,3,1222,1211,11,9,0,0,0,0,0,0,0,0,0,0,0,2,0,0,0,2,0,0,0,0,0,0,0,0,0,0,0
"Census Tract 9505","Census Tract 9505, Essex County, Vermont","50009950500","140","00","50","009","13",,"950500",3238,3149,11,18,10,0,2,48,3238,3207,3123,9,18,10,0,0,47,31,26,2,0,0,0,2,1,3238,3207,31,12,9,0,2,0,0,0,0,0,0,0,0,2,0,0,0,1,0,0,1,0,0,0,6,1,0,0,5
"Census Tract 101","Census Tract 101, Franklin County, Vermont","50011010100","140","00","50","011","16",,"010100",7130,6769,19,120,18,2,19,183,7130,7082,6750,19,119,17,2,0,175,48,19,0,1,1,0,19,8,7130,7082,48,29,2,2,2,1,0,1,0,0,0,0,0,2,0,0,0,0,0,2,0,0,0,0,10,5,0,0,5
"Census Tract 102","Census Tract 102, Franklin County, Vermont","50011010200","140","00","50","011","16",,"010200",4473,4301,16,40,16,0,16,84,4473,4418,4274,15,39,9,0,0,81,55,27,1,1,7,0,16,3,4473,4418,55,36,10,4,0,0,0,0,0,0,0,0,0,1,0,0,0,1,0,0,0,0,0,0,4,0,2,0,2
"Census Tract 103","Census Tract 103, Franklin County, Vermont","50011010300","140","00","50","011","16",,"010300",3509,3356,13,27,10,1,3,99,3509,3469,3321,13,26,10,1,0,98,40,35,0,1,0,0,3,1,3509,3469,40,17,8,2,0,2,1,1,0,0,0,0,0,2,1,0,0,0,0,0,1,0,0,0,9,4,2,0,3
"Census Tract 104","Census Tract 104, Franklin County, Vermont","50011010400","140","00","50","011","16",,"010400",3213,3113,9,16,7,2,11,55,3213,3160,3090,6,14,7,2,0,41,53,23,3,2,0,0,11,14,3213,3160,53,15,6,2,0,4,0,0,2,0,2,0,0,13,1,0,2,3,5,0,2,0,0,0,13,5,7,0,1
"Census Tract 105","Census Tract 105, Franklin County, Vermont","50011010500","140","00","50","011","16",,"010500",6427,6001,19,158,31,0,23,195,6427,6364,5971,19,155,31,0,0,188,63,30,0,3,0,0,23,7,6427,6364,63,18,21,5,0,2,0,0,0,0,2,0,0,3,0,0,0,1,0,0,1,0,1,0,14,1,1,0,12
"Census Tract 106","Census Tract 106, Franklin County, Vermont","50011010600","140","00","50","011","16",,"010600",5999,5751,49,41,27,0,16,115,5999,5924,5701,47,40,27,0,4,105,75,50,2,1,0,0,12,10,5999,5924,75,27,15,6,0,2,0,1,0,1,0,0,0,11,0,0,5,0,0,1,5,0,0,0,14,0,1,0,13
"Census Tract 107","Census Tract 107, Franklin County, Vermont","50011010700","140","00","50","011","16",,"010700",3451,3230,41,48,28,1,6,97,3451,3402,3190,40,48,28,1,2,93,49,40,1,0,0,0,4,4,3451,3402,49,12,17,2,0,5,0,2,0,3,0,0,0,4,0,0,3,1,0,0,0,0,0,0,9,3,2,0,4
"Census Tract 108","Census Tract 108, Franklin County, Vermont","50011010800","140","00","50","011","16",,"010800",3467,3288,14,19,36,5,16,89,3467,3393,3240,12,19,36,2,4,80,74,48,2,0,0,3,12,9,3467,3393,74,13,26,6,1,2,0,0,1,1,0,0,0,8,0,3,0,3,0,0,2,0,0,0,18,13,0,0,5
"Census Tract 109","Census Tract 109, Franklin County, Vermont","50011010900","140","00","50","011","16",,"010900",4515,4410,12,14,28,2,7,42,4515,4471,4379,9,13,28,2,2,38,44,31,3,1,0,0,5,4,4515,4471,44,10,8,3,3,4,2,2,0,0,0,0,0,5,0,0,0,0,3,0,2,0,0,0,11,3,2,0,6
"Census Tract 110","Census Tract 110, Franklin County, Vermont","50011011000","140","00","50","011","16",,"011000",5562,5429,21,17,30,1,8,56,5562,5492,5374,20,14,30,1,0,53,70,55,1,3,0,0,8,3,5562,5492,70,28,19,3,1,1,0,1,0,0,0,0,0,5,0,0,1,1,0,0,3,0,0,0,13,6,1,0,6
"Census Tract 201","Census Tract 201, Grand Isle County, Vermont","50013020100","140","00","50","013","13",,"020100",3272,3061,7,44,7,3,11,139,3272,3233,3039,7,42,7,3,3,132,39,22,0,2,0,0,8,7,3272,3233,39,17,8,1,0,3,0,0,2,0,0,1,0,0,0,0,0,0,0,0,0,0,0,0,10,0,4,0,6
"Census Tract 202","Census Tract 202, Grand Isle County, Vermont","50013020200","140","00","50","013","13",,"020200",3698,3580,18,22,14,1,7,56,3698,3657,3561,16,22,14,1,0,43,41,19,2,0,0,0,7,13,3698,3657,41,19,6,1,0,4,1,0,1,0,2,0,0,7,0,0,0,2,0,0,1,2,2,0,4,1,0,0,3
"Census Tract 9530","Census Tract 9530, Lamoille County, Vermont","50015953000","140","00","50","015","15",,"953000",2344,2280,5,16,3,0,5,35,2344,2323,2263,5,15,3,0,4,33,21,17,0,1,0,0,1,2,2344,2323,21,4,8,0,1,1,0,0,0,1,0,0,0,4,3,0,1,0,0,0,0,0,0,0,3,2,1,0,0
"Census Tract 9531","Census Tract 9531, Lamoille County, Vermont","50015953100","140","00","50","015","15",,"953100",3659,3556,14,9,13,2,4,61,3659,3625,3533,13,9,13,2,0,55,34,23,1,0,0,0,4,6,3659,3625,34,11,6,2,0,5,4,0,0,0,1,0,0,3,0,0,1,2,0,0,0,0,0,0,7,5,1,0,1
"Census Tract 9532","Census Tract 9532, Lamoille County, Vermont","50015953200","140","00","50","015","15",,"953200",3446,3264,44,23,22,1,18,74,3446,3398,3234,42,21,21,1,11,68,48,30,2,2,1,0,7,6,3446,3398,48,10,9,6,0,7,0,0,0,1,4,2,0,5,0,0,2,0,0,0,3,0,0,0,11,4,0,0,7
"Census Tract 9533","Census Tract 9533, Lamoille County, Vermont","50015953300","140","00","50","015","15",,"953300",2954,2839,24,12,11,0,18,50,2954,2923,2823,22,12,11,0,7,48,31,16,2,0,0,0,11,2,2954,2923,31,8,6,6,0,5,4,1,0,0,0,0,0,3,0,0,1,0,0,0,0,0,2,0,3,0,0,0,3
"Census Tract 9534","Census Tract 9534, Lamoille County, Vermont","50015953400","140","00","50","015","15",,"953400",2531,2473,6,11,7,1,7,26,2531,2509,2458,6,11,7,0,1,26,22,15,0,0,0,1,6,0,2531,2509,22,3,5,0,0,3,0,0,0,2,1,0,0,10,5,0,0,5,0,0,0,0,0,0,1,0,0,0,1
"Census Tract 9535","Census Tract 9535, Lamoille County, Vermont","50015953500","140","00","50","015","15",,"953500",5227,5045,36,15,32,0,19,80,5227,5152,4991,36,13,32,0,3,77,75,54,0,2,0,0,16,3,5227,5152,75,18,19,1,1,6,4,2,0,0,0,0,0,15,0,0,1,10,0,0,2,0,2,0,15,7,1,0,7
"Census Tract 9536","Census Tract 9536, Lamoille County, Vermont","50015953600","140","00","50","015","15",,"953600",4314,4199,20,8,37,0,12,38,4314,4223,4125,18,7,37,0,4,32,91,74,2,1,0,0,8,6,4314,4223,91,8,30,7,1,5,2,0,1,1,0,0,1,21,5,0,2,1,2,2,9,0,0,0,19,3,5,0,11
"Census Tract 9590","Census Tract 9590, Orange County, Vermont","50017959000","140","00","50","017","16",,"959000",2216,2142,4,7,16,1,10,36,2216,2195,2131,4,6,16,1,7,30,21,11,0,1,0,0,3,6,2216,2195,21,8,3,0,2,1,0,1,0,0,0,0,0,0,0,0,0,0,0,0,0,0,0,0,7,3,2,0,2
"Census Tract 9591.01","Census Tract 9591.01, Orange County, Vermont","50017959101","140","00","50","017","16",,"959101",2111,2070,7,7,6,0,6,15,2111,2097,2064,7,5,6,0,1,14,14,6,0,2,0,0,5,1,2111,2097,14,2,4,0,0,4,0,4,0,0,0,0,0,1,0,1,0,0,0,0,0,0,0,0,3,0,1,0,2
"Census Tract 9591.02","Census Tract 9591.02, Orange County, Vermont","50017959102","140","00","50","017","16",,"959102",2540,2458,8,12,4,1,6,51,2540,2525,2451,8,11,4,1,0,50,15,7,0,1,0,0,6,1,2540,2525,15,8,3,1,0,0,0,0,0,0,0,0,0,1,0,0,0,0,1,0,0,0,0,0,2,0,2,0,0
"Census Tract 9592","Census Tract 9592, Orange County, Vermont","50017959200","140","00","50","017","16",,"959200",3389,3315,6,5,17,0,7,39,3389,3341,3278,6,5,17,0,2,33,48,37,0,0,0,0,5,6,3389,3341,48,20,8,1,1,2,0,0,0,0,2,0,0,2,0,0,2,0,0,0,0,0,0,0,14,3,9,0,2
"Census Tract 9593","Census Tract 9593, Orange County, Vermont","50017959300","140","00","50","017","16",,"959300",2538,2482,4,8,5,0,3,36,2538,2523,2469,4,8,5,0,3,34,15,13,0,0,0,0,0,2,2538,2523,15,4,6,3,0,0,0,0,0,0,0,0,0,1,0,0,1,0,0,0,0,0,0,0,1,0,0,0,1
"Census Tract 9594","Census Tract 9594, Orange County, Vermont","50017959400","140","00","50","017","16",,"959400",4778,4628,24,13,39,0,13,61,4778,4724,4590,23,13,39,0,1,58,54,38,1,0,0,0,12,3,4778,4724,54,19,11,2,0,3,0,0,1,0,1,1,0,5,2,0,1,1,1,0,0,0,0,0,14,7,2,0,5
"Census Tract 9595","Census Tract 9595, Orange County, Vermont","50017959500","140","00","50","017","16",,"959500",4350,4187,30,9,11,0,15,98,4350,4301,4160,29,8,11,0,4,89,49,27,1,1,0,0,11,9,4350,4301,49,21,14,0,0,3,0,2,1,0,0,0,0,6,1,0,0,2,1,0,1,0,0,1,5,3,1,0,1
"Census Tract 9596","Census Tract 9596, Orange County, Vermont","50017959600","140","00","50","017","16",,"959600",2588,2502,15,10,19,0,1,41,2588,2561,2477,14,9,19,0,1,41,27,25,1,1,0,0,0,0,2588,2561,27,6,8,2,0,5,0,4,1,0,0,0,0,2,1,1,0,0,0,0,0,0,0,0,4,1,0,0,3
"Census Tract 9597","Census Tract 9597, Orange County, Vermont","50017959700","140","00","50","017","16",,"959700",1629,1593,2,4,4,0,5,21,1629,1616,1585,2,4,3,0,3,19,13,8,0,0,1,0,2,2,1629,1616,13,6,2,0,0,1,0,0,0,0,1,0,0,3,0,0,0,0,0,0,2,0,1,0,1,0,0,0,1
"Census Tract 9598","Census Tract 9598, Orange County, Vermont","50017959800","140","00","50","017","16",,"959800",2797,2700,10,10,19,1,16,41,2797,2771,2693,10,9,17,1,3,38,26,7,0,1,2,0,13,3,2797,2771,26,11,8,2,0,1,0,1,0,0,0,0,0,1,0,0,0,1,0,0,0,0,0,0,3,0,0,0,3
"Census Tract 9511","Census Tract 9511, Orleans County, Vermont","50019951100","140","00","50","019","16",,"951100",2401,2318,6,18,4,0,12,43,2401,2370,2303,6,18,4,0,2,37,31,15,0,0,0,0,10,6,2401,2370,31,10,13,1,0,4,0,0,4,0,0,0,0,2,0,0,0,0,2,0,0,0,0,0,1,1,0,0,0
"Census Tract 9512","Census Tract 9512, Orleans County, Vermont","50019951200","140","00","50","019","16",,"951200",2850,2782,12,5,12,1,5,33,2850,2822,2763,12,5,12,1,0,29,28,19,0,0,0,0,5,4,2850,2822,28,9,3,0,0,2,0,0,0,2,0,0,0,1,0,0,0,0,0,0,1,0,0,0,13,3,1,0,9
"Census Tract 9513","Census Tract 9513, Orleans County, Vermont","50019951300","140","00","50","019","16",,"951300",1771,1727,7,5,2,0,1,29,1771,1765,1723,7,5,2,0,0,28,6,4,0,0,0,0,1,1,1771,1765,6,1,1,3,0,0,0,0,0,0,0,0,0,0,0,0,0,0,0,0,0,0,0,0,1,0,0,0,1
"Census Tract 9514","Census Tract 9514, Orleans County, Vermont","50019951400","140","00","50","019","16",,"951400",2027,1882,48,20,12,5,7,53,2027,1983,1854,44,18,11,5,2,49,44,28,4,2,1,0,5,4,2027,1983,44,14,21,0,0,3,0,0,0,0,3,0,0,2,0,0,0,2,0,0,0,0,0,0,4,2,0,0,2
"Census Tract 9515","Census Tract 9515, Orleans County, Vermont","50019951500","140","00","50","019","16",,"951500",2562,2462,19,21,14,0,10,36,2562,2523,2436,17,20,12,0,3,35,39,26,2,1,2,0,7,1,2562,2523,39,12,13,1,1,1,0,0,0,0,1,0,0,5,0,0,0,0,5,0,0,0,0,0,6,1,0,0,5
"Census Tract 9516","Census Tract 9516, Orleans County, Vermont","50019951600","140","00","50","019","16",,"951600",4313,4222,8,14,10,0,12,47,4313,4284,4207,8,14,10,0,0,45,29,15,0,0,0,0,12,2,4313,4284,29,21,1,3,0,1,0,1,0,0,0,0,0,1,1,0,0,0,0,0,0,0,0,0,2,1,0,0,1
"Census Tract 9517","Census Tract 9517, Orleans County, Vermont","50019951700","140","00","50","019","16",,"951700",4189,4029,23,12,17,2,32,74,4189,4128,3999,22,11,17,2,10,67,61,30,1,1,0,0,22,7,4189,4128,61,36,5,3,0,1,0,0,0,1,0,0,0,7,1,0,1,1,0,0,4,0,0,0,9,6,1,0,2
"Census Tract 9518","Census Tract 9518, Orleans County, Vermont","50019951800","140","00","50","019","16",,"951800",2810,2703,23,7,16,0,0,61,2810,2786,2691,22,5,16,0,0,52,24,12,1,2,0,0,0,9,2810,2786,24,2,14,1,0,1,0,1,0,0,0,0,0,0,0,0,0,0,0,0,0,0,0,0,6,1,3,0,2
"Census Tract 9519","Census Tract 9519, Orleans County, Vermont","50019951900","140","00","50","019","16",,"951900",2424,2351,5,18,3,1,9,37,2424,2398,2341,3,18,3,1,0,32,26,10,2,0,0,0,9,5,2424,2398,26,10,4,3,0,1,0,1,0,0,0,0,0,0,0,0,0,0,0,0,0,0,0,0,8,0,0,0,8
"Census Tract 9520","Census Tract 9520, Orleans County, Vermont","50019952000","140","00","50","019","16",,"952000",1884,1834,11,3,3,0,1,32,1884,1867,1822,11,2,3,0,0,29,17,12,0,1,0,0,1,3,1884,1867,17,3,2,4,2,0,0,0,0,0,0,0,0,4,0,0,4,0,0,0,0,0,0,0,2,2,0,0,0
"Census Tract 9621","Census Tract 9621, Rutland County, Vermont","50021962100","140","00","50","021","17",,"962100",1804,1767,3,3,16,0,6,9,1804,1777,1746,3,3,16,0,0,9,27,21,0,0,0,0,6,0,1804,1777,27,2,15,0,1,1,0,0,0,1,0,0,0,3,3,0,0,0,0,0,0,0,0,0,5,2,2,0,1
"Census Tract 9622","Census Tract 9622, Rutland County, Vermont","50021962200","140","00","50","021","17",,"962200",3966,3876,11,10,21,0,2,46,3966,3940,3854,10,10,21,0,1,44,26,22,1,0,0,0,1,2,3966,3940,26,10,10,1,1,2,0,1,1,0,0,0,0,1,0,0,0,1,0,0,0,0,0,0,1,0,0,0,1
"Census Tract 9623","Census Tract 9623, Rutland County, Vermont","50021962300","140","00","50","021","17",,"962300",2586,2525,11,8,3,1,1,37,2586,2567,2509,10,7,3,1,0,37,19,16,1,1,0,0,1,0,2586,2567,19,2,7,4,0,2,0,0,0,1,1,0,0,1,0,0,0,1,0,0,0,0,0,0,3,1,1,0,1
"Census Tract 9624","Census Tract 9624, Rutland County, Vermont","50021962400","140","00","50","021","17",,"962400",2991,2904,11,19,16,0,2,39,2991,2968,2886,11,17,16,0,1,37,23,18,0,2,0,0,1,2,2991,2968,23,4,10,0,0,2,0,2,0,0,0,0,0,2,0,0,0,2,0,0,0,0,0,0,5,0,5,0,0
"Census Tract 9625","Census Tract 9625, Rutland County, Vermont","50021962500","140","00","50","021","17",,"962500",1741,1710,2,0,1,2,1,25,1741,1729,1700,2,0,1,2,0,24,12,10,0,0,0,0,1,1,1741,1729,12,0,2,1,0,0,0,0,0,0,0,0,0,5,0,0,0,5,0,0,0,0,0,0,4,2,1,0,1
"Census Tract 9626","Census Tract 9626, Rutland County, Vermont","50021962600","140","00","50","021","17",,"962600",2326,2260,19,8,12,0,3,24,2326,2307,2246,19,8,12,0,0,22,19,14,0,0,0,0,3,2,2326,2307,19,3,11,3,0,0,0,0,0,0,0,0,0,0,0,0,0,0,0,0,0,0,0,0,2,2,0,0,0
"Census Tract 9627","Census Tract 9627, Rutland County, Vermont","50021962700","140","00","50","021","17",,"962700",4054,3968,16,5,32,1,6,26,4054,4017,3941,16,5,32,0,0,23,37,27,0,0,0,1,6,3,4054,4017,37,10,9,1,2,2,0,2,0,0,0,0,0,2,0,0,0,0,0,0,1,0,1,0,11,4,1,0,6
"Census Tract 9628","Census Tract 9628, Rutland County, Vermont","50021962800","140","00","50","021","17",,"962800",2926,2832,13,9,27,0,8,37,2926,2894,2805,13,7,27,0,7,35,32,27,0,2,0,0,1,2,2926,2894,32,10,10,0,0,2,0,0,0,0,0,2,0,8,2,1,0,4,0,0,0,1,0,0,2,2,0,0,0
"Census Tract 9630","Census Tract 9630, Rutland County, Vermont","50021963000","140","00","50","021","17",,"963000",4371,4234,23,5,49,0,10,50,4371,4324,4203,19,5,49,0,3,45,47,31,4,0,0,0,7,5,4371,4324,47,21,7,3,0,2,0,2,0,0,0,0,0,6,1,0,0,0,2,0,1,0,2,0,8,1,2,0,5
"Census Tract 9631","Census Tract 9631, Rutland County, Vermont","50021963100","140","00","50","021","17",,"963100",3408,3226,40,17,22,2,20,81,3408,3350,3200,38,13,22,2,1,74,58,26,2,4,0,0,19,7,3408,3350,58,9,25,1,0,0,0,0,0,0,0,0,0,15,0,0,12,1,0,2,0,0,0,0,8,0,0,0,8
"Census Tract 9632","Census Tract 9632, Rutland County, Vermont","50021963200","140","00","50","021","17",,"963200",3174,3021,29,12,17,1,13,81,3174,3116,2984,28,11,17,1,1,74,58,37,1,1,0,0,12,7,3174,3116,58,14,23,0,6,6,0,1,0,2,1,2,0,2,0,0,0,2,0,0,0,0,0,0,7,2,1,0,4
"Census Tract 9633","Census Tract 9633, Rutland County, Vermont","50021963300","140","00","50","021","17",,"963300",5542,5341,43,18,39,1,20,80,5542,5455,5283,43,16,39,1,6,67,87,58,0,2,0,0,14,13,5542,5455,87,6,39,2,3,10,2,4,0,0,0,4,0,15,1,0,0,7,0,0,6,0,0,1,12,8,0,1,3
"Census Tract 9634","Census Tract 9634, Rutland County, Vermont","50021963400","140","00","50","021","17",,"963400",2571,2497,11,3,29,0,2,29,2571,2561,2490,10,3,29,0,1,28,10,7,1,0,0,0,1,1,2571,2561,10,2,3,0,0,0,0,0,0,0,0,0,0,0,0,0,0,0,0,0,0,0,0,0,5,0,1,0,4
"Census Tract 9635","Census Tract 9635, Rutland County, Vermont","50021963500","140","00","50","021","17",,"963500",1790,1745,8,7,6,0,1,23,1790,1781,1741,8,7,6,0,0,19,9,4,0,0,0,0,1,4,1790,1781,9,2,2,0,0,0,0,0,0,0,0,0,0,4,0,4,0,0,0,0,0,0,0,0,1,1,0,0,0
"Census Tract 9636","Census Tract 9636, Rutland County, Vermont","50021963600","140","00","50","021","17",,"963600",4717,4614,21,7,24,0,14,37,4717,4657,4572,16,7,24,0,2,36,60,42,5,0,0,0,12,1,4717,4657,60,13,21,4,3,3,0,1,0,0,0,2,0,7,1,0,1,1,0,0,2,0,2,0,9,5,0,0,4
"Census Tract 9637","Census Tract 9637, Rutland County, Vermont","50021963700","140","00","50","021","17",,"963700",2734,2659,9,5,12,1,14,34,2734,2698,2638,7,5,12,1,1,34,36,21,2,0,0,0,13,0,2734,2698,36,6,19,1,1,2,0,0,0,0,0,2,0,6,2,1,1,2,0,0,0,0,0,0,1,0,1,0,0
"Census Tract 9638","Census Tract 9638, Rutland County, Vermont","50021963800","140","00","50","021","17",,"963800",4582,4417,47,8,29,1,20,60,4582,4518,4382,45,7,29,1,1,53,64,35,2,1,0,0,19,7,4582,4518,64,18,20,2,1,4,0,1,1,0,0,2,0,2,1,0,0,0,0,0,1,0,0,0,17,8,5,0,4
"Census Tract 9640","Census Tract 9640, Rutland County, Vermont","50021964000","140","00","50","021","17",,"964000",3316,3259,10,2,9,0,1,35,3316,3293,3238,10,2,9,0,0,34,23,21,0,0,0,0,1,1,3316,3293,23,6,5,2,0,1,0,0,1,0,0,0,0,2,1,0,0,1,0,0,0,0,0,0,7,2,2,0,3
"Census Tract 9642","Census Tract 9642, Rutland County, Vermont","50021964200","140","00","50","021","17",,"964200",1566,1543,0,2,3,0,2,16,1566,1556,1533,0,2,3,0,2,16,10,10,0,0,0,0,0,0,1566,1556,10,0,3,2,1,0,0,0,0,0,0,0,0,1,0,0,0,1,0,0,0,0,0,0,3,2,1,0,0
"Census Tract 9643","Census Tract 9643, Rutland County, Vermont","50021964300","140","00","50","021","17",,"964300",1477,1431,7,2,3,0,4,30,1477,1453,1418,7,0,3,0,2,23,24,13,0,2,0,0,2,7,1477,1453,24,4,4,1,0,2,0,2,0,0,0,0,0,3,2,0,0,0,0,0,1,0,0,0,10,5,0,0,5
"Census Tract 9540","Census Tract 9540, Washington County, Vermont","50023954000","140","00","50","023","17",,"954000",4264,4111,28,18,14,0,6,87,4264,4219,4080,25,14,13,0,5,82,45,31,3,4,1,0,1,5,4264,4219,45,19,11,1,1,0,0,0,0,0,0,0,0,1,0,0,1,0,0,0,0,0,0,0,12,4,1,0,7
"Census Tract 9541","Census Tract 9541, Washington County, Vermont","50023954100","140","00","50","023","17",,"954100",2513,2439,11,7,20,0,2,34,2513,2491,2423,10,5,20,0,2,31,22,16,1,2,0,0,0,3,2513,2491,22,5,6,0,1,1,0,1,0,0,0,0,0,1,0,0,0,0,1,0,0,0,0,0,8,6,0,0,2
"Census Tract 9542","Census Tract 9542, Washington County, Vermont","50023954200","140","00","50","023","17",,"954200",2729,2636,19,11,13,0,5,45,2729,2707,2621,18,10,13,0,4,41,22,15,1,1,0,0,1,4,2729,2707,22,7,8,3,0,1,0,1,0,0,0,0,0,1,0,1,0,0,0,0,0,0,0,0,2,2,0,0,0
"Census Tract 9543","Census Tract 9543, Washington County, Vermont","50023954300","140","00","50","023","17",,"954300",5064,4889,20,11,47,2,16,79,5064,5015,4856,20,9,47,2,9,72,49,33,0,2,0,0,7,7,5064,5015,49,17,7,2,1,7,2,0,0,1,4,0,0,9,1,0,3,1,2,0,2,0,0,0,6,5,0,0,1
"Census Tract 9544","Census Tract 9544, Washington County, Vermont","50023954400","140","00","50","023","17",,"954400",2995,2902,12,7,28,0,11,35,2995,2954,2873,12,6,28,0,2,33,41,29,0,1,0,0,9,2,2995,2954,41,16,10,0,0,4,0,4,0,0,0,0,0,5,0,0,0,2,0,2,0,0,1,0,6,2,1,0,3
"Census Tract 9545","Census Tract 9545, Washington County, Vermont","50023954500","140","00","50","023","17",,"954500",2887,2802,13,4,11,1,9,47,2887,2841,2770,13,3,11,1,2,41,46,32,0,1,0,0,7,6,2887,2841,46,15,11,1,0,1,0,0,0,0,1,0,0,4,0,0,0,4,0,0,0,0,0,0,14,7,4,0,3
"Census Tract 9546","Census Tract 9546, Washington County, Vermont","50023954600","140","00","50","023","17",,"954600",2221,2082,13,8,45,0,11,62,2221,2178,2056,12,4,45,0,3,58,43,26,1,4,0,0,8,4,2221,2178,43,8,13,2,1,4,0,1,1,0,0,2,0,2,0,0,0,2,0,0,0,0,0,0,13,8,4,0,1
"Census Tract 9547","Census Tract 9547, Washington County, Vermont","50023954700","140","00","50","023","17",,"954700",1505,1401,23,1,46,1,0,33,1505,1472,1376,21,1,45,1,0,28,33,25,2,0,1,0,0,5,1505,1472,33,8,5,0,1,1,0,0,1,0,0,0,0,11,1,0,0,8,0,0,0,0,2,0,7,5,2,0,0
"Census Tract 9548","Census Tract 9548, Washington County, Vermont","50023954800","140","00","50","023","17",,"954800",2239,2081,25,11,48,0,17,57,2239,2178,2038,24,10,47,0,5,54,61,43,1,1,1,0,12,3,2239,2178,61,9,7,7,3,5,1,3,1,0,0,0,0,7,2,0,0,2,2,0,1,0,0,0,23,10,3,0,10
"Census Tract 9549","Census Tract 9549, Washington County, Vermont","50023954900","140","00","50","023","17",,"954900",1890,1798,18,3,32,1,6,32,1890,1861,1779,17,3,31,1,1,29,29,19,1,0,1,0,5,3,1890,1861,29,3,7,0,1,4,0,0,0,3,0,1,0,4,3,0,0,0,0,0,1,0,0,0,10,7,0,0,3
"Census Tract 9550","Census Tract 9550, Washington County, Vermont","50023955000","140","00","50","023","17",,"955000",2576,2488,18,8,13,0,6,43,2576,2535,2454,18,8,13,0,0,42,41,34,0,0,0,0,6,1,2576,2535,41,17,3,1,0,3,1,2,0,0,0,0,0,5,0,0,0,2,0,0,3,0,0,0,12,7,3,0,2
"Census Tract 9551","Census Tract 9551, Washington County, Vermont","50023955100","140","00","50","023","17",,"955100",4530,4334,55,7,22,0,14,98,4530,4410,4248,47,5,22,0,3,85,120,86,8,2,0,0,11,13,4530,4410,120,32,41,5,1,3,0,0,1,1,1,0,0,0,0,0,0,0,0,0,0,0,0,0,38,19,5,0,14
"Census Tract 9552","Census Tract 9552, Washington County, Vermont","50023955200","140","00","50","023","17",,"955200",4522,4288,62,13,55,1,18,85,4522,4430,4220,61,12,55,1,3,78,92,68,1,1,0,0,15,7,4522,4430,92,16,23,2,1,11,0,2,7,0,1,1,0,3,0,0,0,0,2,0,1,0,0,0,36,16,10,0,10
"Census Tract 9553","Census Tract 9553, Washington County, Vermont","50023955300","140","00","50","023","17",,"955300",4054,3983,12,6,11,0,11,31,4054,4003,3937,12,6,11,0,7,30,51,46,0,0,0,0,4,1,4054,4003,51,6,4,2,1,4,0,1,3,0,0,0,0,2,0,0,0,2,0,0,0,0,0,0,32,15,13,0,4
"Census Tract 9554","Census Tract 9554, Washington County, Vermont","50023955400","140","00","50","023","17",,"955400",3870,3774,19,6,8,0,2,61,3870,3804,3715,17,6,8,0,0,58,66,59,2,0,0,0,2,3,3870,3804,66,10,21,0,1,0,0,0,0,0,0,0,0,1,1,0,0,0,0,0,0,0,0,0,33,15,12,0,6
"Census Tract 9555","Census Tract 9555, Washington County, Vermont","50023955500","140","00","50","023","17",,"955500",6898,6537,81,18,63,1,40,158,6898,6723,6426,72,15,61,1,5,143,175,111,9,3,2,0,35,15,6898,6723,175,59,38,13,12,8,0,3,1,0,3,1,0,18,2,0,1,4,1,1,5,0,4,0,27,12,4,1,10
"Census Tract 9556","Census Tract 9556, Washington County, Vermont","50023955600","140","00","50","023","17",,"955600",1705,1655,6,5,6,2,5,26,1705,1681,1637,6,4,6,2,2,24,24,18,0,1,0,0,3,2,1705,1681,24,6,7,0,0,1,0,0,0,1,0,0,0,7,5,0,0,0,1,0,1,0,0,0,3,2,0,0,1
"Census Tract 9557","Census Tract 9557, Washington County, Vermont","50023955700","140","00","50","023","17",,"955700",1719,1668,4,6,15,1,6,19,1719,1699,1654,4,5,14,1,3,18,20,14,0,1,1,0,3,1,1719,1699,20,6,2,3,0,3,0,0,0,3,0,0,0,2,0,0,0,0,0,0,2,0,0,0,4,0,0,0,4
"Census Tract 9558","Census Tract 9558, Washington County, Vermont","50023955800","140","00","50","023","17",,"955800",1353,1324,2,1,5,1,0,20,1353,1338,1310,2,0,5,1,0,20,15,14,0,1,0,0,0,0,1353,1338,15,3,1,0,0,2,0,0,0,0,2,0,0,2,0,0,0,0,0,0,0,0,2,0,7,3,3,0,1
"Census Tract 9670","Census Tract 9670, Windham County, Vermont","50025967000","140","00","50","025","16",,"967000",3251,3080,26,11,22,6,10,96,3251,3191,3041,25,11,22,6,2,84,60,39,1,0,0,0,8,12,3251,3191,60,22,22,2,1,3,0,0,3,0,0,0,0,4,3,0,0,1,0,0,0,0,0,0,6,4,0,0,2
"Census Tract 9671","Census Tract 9671, Windham County, Vermont","50025967100","140","00","50","025","16",,"967100",2031,1945,6,1,16,0,14,49,2031,1998,1930,6,1,16,0,1,44,33,15,0,0,0,0,13,5,2031,1998,33,6,4,6,0,1,0,1,0,0,0,0,0,5,1,0,0,0,0,0,0,0,4,0,11,9,1,0,1
"Census Tract 9672","Census Tract 9672, Windham County, Vermont","50025967200","140","00","50","025","16",,"967200",3302,3203,16,6,20,0,5,52,3302,3260,3177,13,5,20,0,1,44,42,26,3,1,0,0,4,8,3302,3260,42,11,15,3,1,2,0,0,2,0,0,0,0,1,0,0,0,1,0,0,0,0,0,0,9,0,4,0,5
"Census Tract 9673","Census Tract 9673, Windham County, Vermont","50025967300","140","00","50","025","16",,"967300",1769,1733,6,1,13,0,0,16,1769,1751,1718,6,1,12,0,0,14,18,15,0,0,1,0,0,2,1769,1751,18,0,4,2,0,0,0,0,0,0,0,0,0,12,0,0,0,4,7,0,0,0,1,0,0,0,0,0,0
"Census Tract 9674","Census Tract 9674, Windham County, Vermont","50025967400","140","00","50","025","16",,"967400",1035,986,6,6,4,0,3,30,1035,1018,973,6,6,4,0,2,27,17,13,0,0,0,0,1,3,1035,1018,17,6,3,2,0,0,0,0,0,0,0,0,0,2,0,0,0,2,0,0,0,0,0,0,4,1,0,0,3
"Census Tract 9675","Census Tract 9675, Windham County, Vermont","50025967500","140","00","50","025","16",,"967500",1119,1094,11,1,0,2,0,11,1119,1114,1089,11,1,0,2,0,11,5,5,0,0,0,0,0,0,1119,1114,5,1,2,0,0,0,0,0,0,0,0,0,0,0,0,0,0,0,0,0,0,0,0,0,2,2,0,0,0
"Census Tract 9676","Census Tract 9676, Windham County, Vermont","50025967600","140","00","50","025","16",,"967600",3178,3051,16,17,21,0,14,59,3178,3129,3019,13,17,21,0,3,56,49,32,3,0,0,0,11,3,3178,3129,49,8,15,6,2,7,0,2,0,0,1,4,0,2,0,0,1,0,0,0,0,0,1,0,9,2,3,0,4
"Census Tract 9677","Census Tract 9677, Windham County, Vermont","50025967700","140","00","50","025","16",,"967700",2702,2568,40,4,16,2,17,55,2702,2625,2514,37,4,16,2,4,48,77,54,3,0,0,0,13,7,2702,2625,77,29,9,3,3,8,0,3,0,0,0,5,0,7,0,0,1,3,0,3,0,0,0,0,18,9,6,0,3
"Census Tract 9678","Census Tract 9678, Windham County, Vermont","50025967800","140","00","50","025","16",,"967800",1726,1666,9,8,6,0,11,26,1726,1707,1657,8,7,6,0,5,24,19,9,1,1,0,0,6,2,1726,1707,19,2,13,0,0,2,0,2,0,0,0,0,0,1,0,0,0,1,0,0,0,0,0,0,1,0,0,0,1
"Census Tract 9679","Census Tract 9679, Windham County, Vermont","50025967900","140","00","50","025","16",,"967900",1124,1083,5,0,9,0,8,19,1124,1106,1074,5,0,9,0,1,17,18,9,0,0,0,0,7,2,1124,1106,18,7,5,0,3,0,0,0,0,0,0,0,0,2,0,0,0,0,0,0,2,0,0,0,1,0,0,0,1
"Census Tract 9680","Census Tract 9680, Windham County, Vermont","50025968000","140","00","50","025","16",,"968000",1876,1842,4,5,12,2,1,10,1876,1847,1813,4,5,12,2,1,10,29,29,0,0,0,0,0,0,1876,1847,29,1,4,8,1,1,0,1,0,0,0,0,0,9,0,0,1,1,0,0,5,0,2,0,5,1,1,0,3
"Census Tract 9681","Census Tract 9681, Windham County, Vermont","50025968100","140","00","50","025","16",,"968100",1357,1329,4,2,1,1,4,16,1357,1349,1326,4,2,1,1,0,15,8,3,0,0,0,0,4,1,1357,1349,8,2,5,1,0,0,0,0,0,0,0,0,0,0,0,0,0,0,0,0,0,0,0,0,0,0,0,0,0
"Census Tract 9682","Census Tract 9682, Windham County, Vermont","50025968200","140","00","50","025","16",,"968200",1806,1741,18,7,11,3,4,22,1806,1777,1721,15,6,11,2,0,22,29,20,3,1,0,1,4,0,1806,1777,29,7,2,1,0,7,2,3,0,2,0,0,0,3,0,0,0,0,0,0,2,1,0,0,9,2,0,0,7
"Census Tract 9683","Census Tract 9683, Windham County, Vermont","50025968300","140","00","50","025","16",,"968300",1864,1807,6,2,27,0,4,18,1864,1843,1787,6,1,27,0,4,18,21,20,0,1,0,0,0,0,1864,1843,21,11,1,1,0,2,0,2,0,0,0,0,0,3,0,2,0,1,0,0,0,0,0,0,3,3,0,0,0
"Census Tract 9684","Census Tract 9684, Windham County, Vermont","50025968400","140","00","50","025","16",,"968400",3943,3721,40,13,49,3,17,100,3943,3865,3683,35,12,49,2,4,80,78,38,5,1,0,1,13,20,3943,3865,78,14,19,5,3,4,0,4,0,0,0,0,0,20,6,0,4,7,0,0,3,0,0,0,13,4,2,0,7
"Census Tract 9685","Census Tract 9685, Windham County, Vermont","50025968500","140","00","50","025","16",,"968500",5807,5277,152,21,127,2,54,174,5807,5629,5190,136,19,126,1,16,141,178,87,16,2,1,1,38,33,5807,5629,178,33,83,3,2,13,0,3,0,3,0,7,0,24,3,5,0,4,2,1,4,2,3,0,20,7,6,0,7
"Census Tract 9686","Census Tract 9686, Windham County, Vermont","50025968600","140","00","50","025","16",,"968600",2296,2092,33,3,93,0,17,58,2296,2230,2043,31,3,93,0,10,50,66,49,2,0,0,0,7,8,2296,2230,66,19,16,1,0,3,0,1,0,0,2,0,0,13,1,0,3,5,0,0,3,0,1,0,14,3,6,0,5
"Census Tract 9687","Census Tract 9687, Windham County, Vermont","50025968700","140","00","50","025","16",,"968700",4327,4194,23,6,16,0,28,60,4327,4254,4151,23,6,15,0,5,54,73,43,0,0,1,0,23,6,4327,4254,73,31,20,2,1,6,0,3,0,1,1,1,0,0,0,0,0,0,0,0,0,0,0,0,13,6,0,0,7
"Census Tract 9650","Census Tract 9650, Windsor County, Vermont","50027965000","140","00","50","027","17",,"965000",3414,3212,26,3,86,1,16,70,3414,3373,3179,25,3,86,1,12,67,41,33,1,0,0,0,4,3,3414,3373,41,8,3,6,2,4,3,1,0,0,0,0,0,11,2,1,1,2,1,2,2,0,0,0,7,2,2,0,3
"Census Tract 9651","Census Tract 9651, Windsor County, Vermont","50027965100","140","00","50","027","17",,"965100",2773,2646,25,11,32,2,11,46,2773,2732,2618,25,11,31,2,2,43,41,28,0,0,1,0,9,3,2773,2732,41,8,13,4,0,5,0,0,4,1,0,0,0,5,1,0,0,1,1,0,1,0,1,0,6,1,1,0,4
"Census Tract 9652","Census Tract 9652, Windsor County, Vermont","50027965200","140","00","50","027","17",,"965200",2870,2771,16,8,13,1,0,61,2870,2835,2741,14,8,13,1,0,58,35,30,2,0,0,0,0,3,2870,2835,35,10,7,1,3,1,0,1,0,0,0,0,0,1,0,0,1,0,0,0,0,0,0,0,12,7,1,0,4
"Census Tract 9653","Census Tract 9653, Windsor County, Vermont","50027965300","140","00","50","027","17",,"965300",299,295,0,0,2,0,0,2,299,292,288,0,0,2,0,0,2,7,7,0,0,0,0,0,0,299,292,7,4,0,0,0,0,0,0,0,0,0,0,0,0,0,0,0,0,0,0,0,0,0,0,3,1,0,0,2
"Census Tract 9654","Census Tract 9654, Windsor County, Vermont","50027965400","140","00","50","027","17",,"965400",4089,3969,19,12,29,0,4,56,4089,4045,3934,18,12,29,0,1,51,44,35,1,0,0,0,3,5,4089,4045,44,10,13,1,0,6,0,3,0,0,0,3,0,6,3,0,0,1,0,0,1,0,1,0,8,1,6,0,1
"Census Tract 9655.01","Census Tract 9655.01, Windsor County, Vermont","50027965501","140","00","50","027","17",,"965501",2998,2883,29,7,25,0,8,46,2998,2972,2873,27,6,25,0,1,40,26,10,2,1,0,0,7,6,2998,2972,26,4,8,0,5,1,0,1,0,0,0,0,0,3,0,0,1,0,0,0,0,0,2,0,5,2,0,0,3
"Census Tract 9655.02","Census Tract 9655.02, Windsor County, Vermont","50027965502","140","00","50","027","17",,"965502",2811,2682,27,5,58,0,7,32,2811,2784,2670,27,5,58,0,2,22,27,12,0,0,0,0,5,10,2811,2784,27,11,3,1,1,1,0,1,0,0,0,0,0,6,1,1,0,4,0,0,0,0,0,0,4,2,1,0,1
"Census Tract 9656","Census Tract 9656, Windsor County, Vermont","50027965600","140","00","50","027","17",,"965600",4143,3883,26,18,92,3,10,111,4143,4080,3847,23,17,92,2,2,97,63,36,3,1,0,1,8,14,4143,4080,63,19,17,3,0,11,0,6,3,0,1,1,0,4,0,0,0,0,1,0,3,0,0,0,9,5,1,1,2
"Census Tract 9657","Census Tract 9657, Windsor County, Vermont","50027965700","140","00","50","027","17",,"965700",3393,3317,7,1,14,2,9,43,3393,3348,3289,5,1,14,2,0,37,45,28,2,0,0,0,9,6,3393,3348,45,14,9,0,3,5,0,0,0,0,0,5,0,5,4,0,0,1,0,0,0,0,0,0,9,3,5,0,1
"Census Tract 9658","Census Tract 9658, Windsor County, Vermont","50027965800","140","00","50","027","17",,"965800",3048,2963,13,11,14,1,8,38,3048,3017,2940,13,9,14,1,3,37,31,23,0,2,0,0,5,1,3048,3017,31,8,4,5,1,6,0,3,2,0,1,0,0,6,0,0,0,3,0,0,3,0,0,0,1,0,0,0,1
"Census Tract 9659","Census Tract 9659, Windsor County, Vermont","50027965900","140","00","50","027","17",,"965900",3320,3250,4,9,13,0,3,41,3320,3305,3240,4,9,13,0,0,39,15,10,0,0,0,0,3,2,3320,3305,15,6,5,0,0,0,0,0,0,0,0,0,0,0,0,0,0,0,0,0,0,0,0,0,4,3,0,0,1
"Census Tract 9660","Census Tract 9660, Windsor County, Vermont","50027966000","140","00","50","027","17",,"966000",3553,3395,30,15,22,1,11,79,3553,3492,3352,27,11,22,1,5,74,61,43,3,4,0,0,6,5,3553,3492,61,21,17,2,0,0,0,0,0,0,0,0,0,10,0,0,2,1,0,0,4,3,0,0,11,4,5,0,2
"Census Tract 9661","Census Tract 9661, Windsor County, Vermont","50027966100","140","00","50","027","17",,"966100",2825,2766,5,7,12,0,5,30,2825,2793,2742,4,4,12,0,2,29,32,24,1,3,0,0,3,1,2825,2793,32,6,4,10,0,2,0,0,2,0,0,0,0,6,0,0,0,0,0,0,6,0,0,0,4,1,1,0,2
"Census Tract 9662","Census Tract 9662, Windsor County, Vermont","50027966200","140","00","50","027","17",,"966200",1611,1560,9,3,11,0,2,26,1611,1584,1539,9,3,11,0,0,22,27,21,0,0,0,0,2,4,1611,1584,27,9,4,2,0,2,0,0,0,0,0,2,0,4,1,0,0,0,3,0,0,0,0,0,6,1,0,0,5
"Census Tract 9663","Census Tract 9663, Windsor County, Vermont","50027966300","140","00","50","027","17",,"966300",1963,1895,4,8,16,1,0,39,1963,1948,1883,4,8,15,1,0,37,15,12,0,0,1,0,0,2,1963,1948,15,1,4,4,0,0,0,0,0,0,0,0,0,3,0,0,1,0,1,0,1,0,0,0,3,0,2,0,1
"Census Tract 9665","Census Tract 9665, Windsor County, Vermont","50027966500","140","00","50","027","17",,"966500",4187,4087,12,17,21,0,3,47,4187,4150,4062,12,17,21,0,0,38,37,25,0,0,0,0,3,9,4187,4150,37,22,7,2,0,0,0,0,0,0,0,0,0,1,0,0,1,0,0,0,0,0,0,0,5,1,2,0,2
"Census Tract 9666","Census Tract 9666, Windsor County, Vermont","50027966600","140","00","50","027","17",,"966600",5075,4907,25,7,42,0,15,79,5075,4992,4850,25,5,41,0,3,68,83,57,0,2,1,0,12,11,5075,4992,83,26,34,4,0,3,1,0,2,0,0,0,0,7,0,0,0,5,0,0,0,0,0,2,9,4,4,0,1
"Census Tract 9667","Census Tract 9667, Windsor County, Vermont","50027966700","140","00","50","027","17",,"966700",4298,4082,50,12,27,1,29,97,4298,4232,4046,49,12,27,1,6,91,66,36,1,0,0,0,23,6,4298,4232,66,15,19,3,3,3,0,1,1,0,1,0,0,6,0,0,0,6,0,0,0,0,0,0,17,3,2,0,12
